[{"id":"5511970335896@s.whatsapp.net","xp":127140,"level":8},{"id":"554792030789@s.whatsapp.net","xp":2424,"level":2},{"id":"558187330723@s.whatsapp.net","xp":36991,"level":7},{"id":"557499510904@s.whatsapp.net","xp":1531048,"level":12},{"id":"559885376495@s.whatsapp.net","xp":532633,"level":11},{"id":"13607225217@s.whatsapp.net","xp":148857,"level":9},{"id":"5514998302102@s.whatsapp.net","xp":79646,"level":8},{"id":"558881313196@s.whatsapp.net","xp":8858,"level":3},{"id":"554791563920@s.whatsapp.net","xp":242118,"level":9},{"id":"18164419551@s.whatsapp.net","xp":115048,"level":7},{"id":"558288712580@s.whatsapp.net","xp":20927,"level":4},{"id":"554291047038@s.whatsapp.net","xp":189921,"level":9},{"id":"593967689722@s.whatsapp.net","xp":3224,"level":2},{"id":"556283374286@s.whatsapp.net","xp":1612,"level":2},{"id":"558186104986@s.whatsapp.net","xp":451445,"level":10},{"id":"556281480681@s.whatsapp.net","xp":12870,"level":5},{"id":"556596341093@s.whatsapp.net","xp":809,"level":1},{"id":"556798070389@s.whatsapp.net","xp":78880,"level":8},{"id":"556192827345@s.whatsapp.net","xp":23347,"level":6},{"id":"557491342636@s.whatsapp.net","xp":151945,"level":9},{"id":"558781063120@s.whatsapp.net","xp":149636,"level":7},{"id":"5524992022231@s.whatsapp.net","xp":100510,"level":8},{"id":"5511959783616@s.whatsapp.net","xp":34612,"level":6},{"id":"558184898308@s.whatsapp.net","xp":9646,"level":3},{"id":"5518988190390@s.whatsapp.net","xp":230096,"level":9},{"id":"554799087825@s.whatsapp.net","xp":13673,"level":4},{"id":"5519992333213@s.whatsapp.net","xp":1612,"level":2},{"id":"559882245181@s.whatsapp.net","xp":32987,"level":5},{"id":"556295620702@s.whatsapp.net","xp":53917,"level":7},{"id":"556798199272@s.whatsapp.net","xp":127942,"level":9},{"id":"557186800507@s.whatsapp.net","xp":47467,"level":7},{"id":"559299711158@s.whatsapp.net","xp":3215,"level":2},{"id":"5511946264844@s.whatsapp.net","xp":197002,"level":9},{"id":"557988124926@s.whatsapp.net","xp":46648,"level":6},{"id":"559187285964@s.whatsapp.net","xp":286362,"level":10},{"id":"5522998928976@s.whatsapp.net","xp":36993,"level":7},{"id":"554187398527@s.whatsapp.net","xp":93277,"level":8},{"id":"19294694058@s.whatsapp.net","xp":24956,"level":6},{"id":"5511987723399@s.whatsapp.net","xp":559952,"level":11},{"id":"558899373839@s.whatsapp.net","xp":8045,"level":5},{"id":"557588076270@s.whatsapp.net","xp":11253,"level":5},{"id":"552899026818@s.whatsapp.net","xp":55519,"level":7},{"id":"554598119500@s.whatsapp.net","xp":5614,"level":4},{"id":"5528999963320@s.whatsapp.net","xp":12877,"level":5},{"id":"558496058313@s.whatsapp.net","xp":61981,"level":7},{"id":"558187429996@s.whatsapp.net","xp":78026,"level":8},{"id":"558597369478@s.whatsapp.net","xp":19296,"level":4},{"id":"556592162838@s.whatsapp.net","xp":20103,"level":6},{"id":"556499748731@s.whatsapp.net","xp":6428,"level":3},{"id":"554891486150@s.whatsapp.net","xp":7256,"level":4},{"id":"558191663329@s.whatsapp.net","xp":32191,"level":5},{"id":"554185043712@s.whatsapp.net","xp":16909,"level":4},{"id":"5522997172701@s.whatsapp.net","xp":4027,"level":2},{"id":"994403403196@s.whatsapp.net","xp":65958,"level":6},{"id":"556592013876@s.whatsapp.net","xp":14485,"level":5},{"id":"5514997461462@s.whatsapp.net","xp":29779,"level":5},{"id":"5511974623478@s.whatsapp.net","xp":61086,"level":7},{"id":"5511944834153@s.whatsapp.net","xp":81204,"level":6},{"id":"555182803767@s.whatsapp.net","xp":15296,"level":5},{"id":"5511946123724@s.whatsapp.net","xp":110165,"level":8},{"id":"557588156042@s.whatsapp.net","xp":9651,"level":3},{"id":"5521968510222@s.whatsapp.net","xp":19309,"level":4},{"id":"555194794612@s.whatsapp.net","xp":145667,"level":9},{"id":"5511948056676@s.whatsapp.net","xp":804,"level":1},{"id":"556599041595@s.whatsapp.net","xp":2411,"level":3},{"id":"556796684886@s.whatsapp.net","xp":4015,"level":2},{"id":"5521975372066@s.whatsapp.net","xp":33778,"level":6},{"id":"5511953719257@s.whatsapp.net","xp":54691,"level":7},{"id":"994408440040@s.whatsapp.net","xp":36976,"level":7},{"id":"5579920018651@s.whatsapp.net","xp":37030,"level":7},{"id":"555597209296@s.whatsapp.net","xp":8048,"level":3},{"id":"5521990712279@s.whatsapp.net","xp":11266,"level":4},{"id":"553788125096@s.whatsapp.net","xp":103772,"level":8},{"id":"13658055709@s.whatsapp.net","xp":44247,"level":5},{"id":"994405172405@s.whatsapp.net","xp":29761,"level":5},{"id":"555185383312@s.whatsapp.net","xp":1607,"level":2},{"id":"556592353141@s.whatsapp.net","xp":16898,"level":4},{"id":"558481182829@s.whatsapp.net","xp":11263,"level":5},{"id":"556194610175@s.whatsapp.net","xp":99704,"level":8},{"id":"5511952225182@s.whatsapp.net","xp":224452,"level":9},{"id":"556195662620@s.whatsapp.net","xp":72419,"level":8},{"id":"559882819567@s.whatsapp.net","xp":24943,"level":5},{"id":"12232143106@s.whatsapp.net","xp":16896,"level":6},{"id":"553891355119@s.whatsapp.net","xp":38634,"level":7},{"id":"5511969983625@s.whatsapp.net","xp":15299,"level":5},{"id":"5511934910953@s.whatsapp.net","xp":20920,"level":6},{"id":"558181014045@s.whatsapp.net","xp":34589,"level":5},{"id":"553897349613@s.whatsapp.net","xp":105381,"level":8},{"id":"5519991489172@s.whatsapp.net","xp":4020,"level":4},{"id":"557183946449@s.whatsapp.net","xp":40998,"level":7},{"id":"559991102956@s.whatsapp.net","xp":2413,"level":2},{"id":"558386825084@s.whatsapp.net","xp":10479,"level":5},{"id":"5528999288782@s.whatsapp.net","xp":11280,"level":5},{"id":"556799232905@s.whatsapp.net","xp":234086,"level":9},{"id":"556799364659@s.whatsapp.net","xp":20913,"level":5},{"id":"556798889565@s.whatsapp.net","xp":174528,"level":9},{"id":"556791178604@s.whatsapp.net","xp":80442,"level":8},{"id":"5527996125235@s.whatsapp.net","xp":5627,"level":3},{"id":"5511985918110@s.whatsapp.net","xp":6430,"level":4},{"id":"5511965284517@s.whatsapp.net","xp":12075,"level":4},{"id":"5515996078694@s.whatsapp.net","xp":13669,"level":4},{"id":"994405029329@s.whatsapp.net","xp":8865,"level":5},{"id":"5521989569973@s.whatsapp.net","xp":2416,"level":2},{"id":"557398246394@s.whatsapp.net","xp":810,"level":1},{"id":"553182364479@s.whatsapp.net","xp":11273,"level":4},{"id":"555192626625@s.whatsapp.net","xp":51471,"level":7},{"id":"556181333125@s.whatsapp.net","xp":172124,"level":9},{"id":"558585036443@s.whatsapp.net","xp":9642,"level":5},{"id":"5522999186083@s.whatsapp.net","xp":2412,"level":3},{"id":"556796055672@s.whatsapp.net","xp":30594,"level":6},{"id":"558498651389@s.whatsapp.net","xp":16082,"level":6},{"id":"557491378211@s.whatsapp.net","xp":7246,"level":4},{"id":"558293952298@s.whatsapp.net","xp":3208,"level":3},{"id":"557388043689@s.whatsapp.net","xp":29757,"level":6},{"id":"557791294343@s.whatsapp.net","xp":41824,"level":7},{"id":"556292491625@s.whatsapp.net","xp":806,"level":1},{"id":"558582028590@s.whatsapp.net","xp":102991,"level":8},{"id":"5519992413086@s.whatsapp.net","xp":1616,"level":2},{"id":"553884368711@s.whatsapp.net","xp":148840,"level":9},{"id":"5515988112386@s.whatsapp.net","xp":1617,"level":2},{"id":"5513981062512@s.whatsapp.net","xp":4842,"level":4},{"id":"5511962163969@s.whatsapp.net","xp":445716,"level":10},{"id":"558881908234@s.whatsapp.net","xp":4824,"level":4},{"id":"5511949564571@s.whatsapp.net","xp":1614,"level":2},{"id":"558196543988@s.whatsapp.net","xp":30582,"level":6},{"id":"5521972118674@s.whatsapp.net","xp":190647,"level":9},{"id":"5511975061776@s.whatsapp.net","xp":45086,"level":7},{"id":"556592907161@s.whatsapp.net","xp":2419,"level":3},{"id":"557381044096@s.whatsapp.net","xp":61970,"level":7},{"id":"558799390202@s.whatsapp.net","xp":802,"level":1},{"id":"557999547397@s.whatsapp.net","xp":19318,"level":6},{"id":"553284577063@s.whatsapp.net","xp":15279,"level":5},{"id":"558592242451@s.whatsapp.net","xp":15279,"level":5},{"id":"559887852944@s.whatsapp.net","xp":42612,"level":7},{"id":"554891170888@s.whatsapp.net","xp":1605,"level":2}]