[{"id":"557499510904@s.whatsapp.net","uang":239541},{"id":"994403403196@s.whatsapp.net","uang":17264},{"id":"556592162838@s.whatsapp.net","uang":3307},{"id":"558396889103@s.whatsapp.net","uang":1605},{"id":"557491342636@s.whatsapp.net","uang":29679},{"id":"556798199272@s.whatsapp.net","uang":15391},{"id":"5511987723399@s.whatsapp.net","uang":80738},{"id":"5519991489172@s.whatsapp.net","uang":1789},{"id":"559884865637@s.whatsapp.net","uang":1241},{"id":"559885376495@s.whatsapp.net","uang":90228},{"id":"5524992022231@s.whatsapp.net","uang":20526},{"id":"555192626625@s.whatsapp.net","uang":17036},{"id":"558186104986@s.whatsapp.net","uang":85177},{"id":"554187398527@s.whatsapp.net","uang":19248},{"id":"556181333125@s.whatsapp.net","uang":20281},{"id":"558592229785@s.whatsapp.net","uang":1420},{"id":"554291047038@s.whatsapp.net","uang":31884},{"id":"558695847695@s.whatsapp.net","uang":98},{"id":"559885913811@s.whatsapp.net","uang":1711},{"id":"558187330723@s.whatsapp.net","uang":8241},{"id":"12232143106@s.whatsapp.net","uang":7601},{"id":"5522998484891@s.whatsapp.net","uang":2530},{"id":"556592907161@s.whatsapp.net","uang":572},{"id":"559187285964@s.whatsapp.net","uang":36224},{"id":"5511996886835@s.whatsapp.net","uang":4077},{"id":"15139872981@s.whatsapp.net","uang":1141},{"id":"556295620702@s.whatsapp.net","uang":6957},{"id":"5561920054806@s.whatsapp.net","uang":1606},{"id":"553891355119@s.whatsapp.net","uang":5791},{"id":"5511946123724@s.whatsapp.net","uang":14270},{"id":"557186800507@s.whatsapp.net","uang":6426},{"id":"5521981312790@s.whatsapp.net","uang":659},{"id":"557183518183@s.whatsapp.net","uang":749},{"id":"5528999288782@s.whatsapp.net","uang":2558},{"id":"556194610175@s.whatsapp.net","uang":16359},{"id":"559193207343@s.whatsapp.net","uang":957},{"id":"5511959783616@s.whatsapp.net","uang":4230},{"id":"554598119500@s.whatsapp.net","uang":1055},{"id":"559984913466@s.whatsapp.net","uang":284},{"id":"5514998302102@s.whatsapp.net","uang":21276},{"id":"5511952225182@s.whatsapp.net","uang":46021},{"id":"554891233097@s.whatsapp.net","uang":5946},{"id":"5511946264844@s.whatsapp.net","uang":23713},{"id":"556798070389@s.whatsapp.net","uang":11315},{"id":"17177228796@s.whatsapp.net","uang":3142},{"id":"19294694058@s.whatsapp.net","uang":3793},{"id":"557588076270@s.whatsapp.net","uang":2536},{"id":"5511970335896@s.whatsapp.net","uang":20150},{"id":"556599041595@s.whatsapp.net","uang":478},{"id":"559991102956@s.whatsapp.net","uang":1427},{"id":"5579920018651@s.whatsapp.net","uang":4821},{"id":"555185383312@s.whatsapp.net","uang":289},{"id":"557491973594@s.whatsapp.net","uang":291},{"id":"556181316353@s.whatsapp.net","uang":92},{"id":"557988124926@s.whatsapp.net","uang":8195},{"id":"13607225217@s.whatsapp.net","uang":22043},{"id":"558791279468@s.whatsapp.net","uang":1426},{"id":"554791563920@s.whatsapp.net","uang":35974},{"id":"553888275222@s.whatsapp.net","uang":97},{"id":"553491538109@s.whatsapp.net","uang":2906},{"id":"558799390202@s.whatsapp.net","uang":291},{"id":"557588156042@s.whatsapp.net","uang":1229},{"id":"554799087825@s.whatsapp.net","uang":1697},{"id":"994408440040@s.whatsapp.net","uang":4452},{"id":"558386825084@s.whatsapp.net","uang":1801},{"id":"554399047956@s.whatsapp.net","uang":1242},{"id":"5518988190390@s.whatsapp.net","uang":42244},{"id":"5511934910953@s.whatsapp.net","uang":5917},{"id":"5511953719257@s.whatsapp.net","uang":6519},{"id":"556791033779@s.whatsapp.net","uang":1619},{"id":"557398246394@s.whatsapp.net","uang":187},{"id":"554599274904@s.whatsapp.net","uang":671},{"id":"558288712580@s.whatsapp.net","uang":4256},{"id":"5511967862198@s.whatsapp.net","uang":1414},{"id":"552899026818@s.whatsapp.net","uang":6703},{"id":"994405196159@s.whatsapp.net","uang":0},{"id":"554792030789@s.whatsapp.net","uang":571},{"id":"18164419551@s.whatsapp.net","uang":13854},{"id":"558191663329@s.whatsapp.net","uang":3887},{"id":"558881313196@s.whatsapp.net","uang":1225},{"id":"593967689722@s.whatsapp.net","uang":1705},{"id":"556283374286@s.whatsapp.net","uang":193},{"id":"556281480681@s.whatsapp.net","uang":1513},{"id":"556596341093@s.whatsapp.net","uang":91},{"id":"556192827345@s.whatsapp.net","uang":2745},{"id":"558781063120@s.whatsapp.net","uang":17596},{"id":"558184898308@s.whatsapp.net","uang":1122},{"id":"5519992333213@s.whatsapp.net","uang":193},{"id":"559882245181@s.whatsapp.net","uang":3851},{"id":"559299711158@s.whatsapp.net","uang":374},{"id":"5522998928976@s.whatsapp.net","uang":4326},{"id":"558899373839@s.whatsapp.net","uang":935},{"id":"5528999963320@s.whatsapp.net","uang":1522},{"id":"558496058313@s.whatsapp.net","uang":7275},{"id":"558187429996@s.whatsapp.net","uang":9132},{"id":"558597369478@s.whatsapp.net","uang":2281},{"id":"559885600006@s.whatsapp.net","uang":669},{"id":"556499748731@s.whatsapp.net","uang":758},{"id":"5513997466867@s.whatsapp.net","uang":382},{"id":"5513997036941@s.whatsapp.net","uang":186},{"id":"554891486150@s.whatsapp.net","uang":866},{"id":"554185043712@s.whatsapp.net","uang":1968},{"id":"5522997172701@s.whatsapp.net","uang":462},{"id":"556592013876@s.whatsapp.net","uang":1689},{"id":"5514997461462@s.whatsapp.net","uang":3505},{"id":"5511974623478@s.whatsapp.net","uang":7164},{"id":"5511944834153@s.whatsapp.net","uang":9534},{"id":"556185738473@s.whatsapp.net","uang":947},{"id":"555182803767@s.whatsapp.net","uang":1799},{"id":"556194659989@s.whatsapp.net","uang":11706},{"id":"556196534037@s.whatsapp.net","uang":280},{"id":"5521968510222@s.whatsapp.net","uang":2254},{"id":"555194794612@s.whatsapp.net","uang":17087},{"id":"5511948056676@s.whatsapp.net","uang":91},{"id":"556796684886@s.whatsapp.net","uang":574},{"id":"5521975372066@s.whatsapp.net","uang":3981},{"id":"555597209296@s.whatsapp.net","uang":945},{"id":"5521990712279@s.whatsapp.net","uang":1333},{"id":"553788125096@s.whatsapp.net","uang":12346},{"id":"13658055709@s.whatsapp.net","uang":5810},{"id":"393500470360@s.whatsapp.net","uang":863},{"id":"994405172405@s.whatsapp.net","uang":3472},{"id":"556592353141@s.whatsapp.net","uang":1984},{"id":"558481182829@s.whatsapp.net","uang":1319},{"id":"559882819567@s.whatsapp.net","uang":3027},{"id":"556195662620@s.whatsapp.net","uang":8551},{"id":"5511969983625@s.whatsapp.net","uang":1779},{"id":"558181014045@s.whatsapp.net","uang":4089},{"id":"553897349613@s.whatsapp.net","uang":12359},{"id":"5527996125235@s.whatsapp.net","uang":3987},{"id":"557183946449@s.whatsapp.net","uang":4776},{"id":"5511988214799@s.whatsapp.net","uang":98},{"id":"559891673527@s.whatsapp.net","uang":188},{"id":"556799232905@s.whatsapp.net","uang":27507},{"id":"556799364659@s.whatsapp.net","uang":2426},{"id":"556798889565@s.whatsapp.net","uang":20560},{"id":"556791178604@s.whatsapp.net","uang":9442},{"id":"5511985918110@s.whatsapp.net","uang":758},{"id":"5513998005636@s.whatsapp.net","uang":384},{"id":"5511965284517@s.whatsapp.net","uang":1426},{"id":"557188517958@s.whatsapp.net","uang":853},{"id":"5515996078694@s.whatsapp.net","uang":1611},{"id":"994405029329@s.whatsapp.net","uang":1031},{"id":"5521989569973@s.whatsapp.net","uang":282},{"id":"553182364479@s.whatsapp.net","uang":1332},{"id":"558585036443@s.whatsapp.net","uang":1122},{"id":"5522999186083@s.whatsapp.net","uang":281},{"id":"556796055672@s.whatsapp.net","uang":3577},{"id":"558498651389@s.whatsapp.net","uang":1874},{"id":"557491378211@s.whatsapp.net","uang":853},{"id":"558293952298@s.whatsapp.net","uang":381},{"id":"557388043689@s.whatsapp.net","uang":3485},{"id":"557791294343@s.whatsapp.net","uang":4909},{"id":"556292491625@s.whatsapp.net","uang":935},{"id":"558582028590@s.whatsapp.net","uang":12083},{"id":"5519992413086@s.whatsapp.net","uang":191},{"id":"553884368711@s.whatsapp.net","uang":17510},{"id":"5515988112386@s.whatsapp.net","uang":662},{"id":"5515996896734@s.whatsapp.net","uang":282},{"id":"5513981062512@s.whatsapp.net","uang":566},{"id":"5511962163969@s.whatsapp.net","uang":52418},{"id":"558881908234@s.whatsapp.net","uang":655},{"id":"5511949564571@s.whatsapp.net","uang":190},{"id":"558196543988@s.whatsapp.net","uang":3553},{"id":"5521972118674@s.whatsapp.net","uang":22418},{"id":"5511975061776@s.whatsapp.net","uang":5323},{"id":"557381044096@s.whatsapp.net","uang":7237},{"id":"557999547397@s.whatsapp.net","uang":2265},{"id":"553284577063@s.whatsapp.net","uang":1804},{"id":"5512996859856@s.whatsapp.net","uang":465},{"id":"556791637666@s.whatsapp.net","uang":92},{"id":"558592242451@s.whatsapp.net","uang":1805},{"id":"559887852944@s.whatsapp.net","uang":5046},{"id":"554891170888@s.whatsapp.net","uang":192},{"id":"556193663178@s.whatsapp.net","uang":293}]